<?xml version="1.0" encoding="UTF-8" standalone="no"?>
<configuration>
	<feature automatic="selected" name="FeatureHouseChatApp"/>
	<feature automatic="selected" manual="selected" name="Base"/>
	<feature automatic="selected" name="UI"/>
	<feature automatic="unselected" name="CLI"/>
	<feature manual="selected" name="GUI"/>
	<feature manual="selected" name="Authentication"/>
	<feature manual="selected" name="Color"/>
	<feature manual="selected" name="Encryption"/>
	<feature manual="selected" name="Notifier"/>
</configuration>
