<?xml version="1.0" encoding="UTF-8" standalone="no"?>
<featureModel>
	<properties>
		<graphics key="legendautolayout" value="true"/>
		<graphics key="showshortnames" value="false"/>
		<graphics key="layout" value="horizontal"/>
		<graphics key="showcollapsedconstraints" value="true"/>
		<graphics key="legendhidden" value="false"/>
		<graphics key="layoutalgorithm" value="1"/>
	</properties>
	<struct>
		<and abstract="true" mandatory="true" name="ChatApp">
			<feature name="Authentication"/>
			<feature name="Encryption"/>
			<feature name="Color"/>
			<feature name="Logging"/>
			<and abstract="true" name="ChatUI">
				<feature name="GUI"/>
				<feature name="CLI"/>
			</and>
		</and>
	</struct>
</featureModel>
