<?xml version="1.0" encoding="UTF-8" standalone="no"?>
<featureModel>
	<properties>
		<graphics key="legendautolayout" value="true"/>
		<graphics key="showshortnames" value="false"/>
		<graphics key="layout" value="horizontal"/>
		<graphics key="showcollapsedconstraints" value="true"/>
		<graphics key="legendhidden" value="false"/>
		<graphics key="layoutalgorithm" value="1"/>
	</properties>
	<struct>
		<and abstract="true" mandatory="true" name="FeatureHouseChatApp">
			<and name="Base">
				<alt abstract="true" mandatory="true" name="UI">
					<feature name="CLI"/>
					<feature name="GUI"/>
				</alt>
				<feature name="Authentication"/>
				<feature name="Color"/>
				<feature name="Encryption"/>
				<feature name="Notifier"/>
			</and>
		</and>
	</struct>
</featureModel>
